10	Naja naja	image-search/indian-cobra-naja-naja-snake-1.jpg	gettyimages.com
11	Bungarus caeruleus	image-search/common-krait-bungarus-caeruleus-snake-1.jpg	naturepl.com
12	Daboia russelii	image-search/russell-s-viper-daboia-russelii-snake-1.jpg	shutterstock.com
13	Ahaetulla prasina	image-search/oriental-green-whip-snake-ahaetulla-pras-1.jpg	thailandsnakes.com
44	Mystus gulio	image-search/mystus-gulio-bagrid-catfish-fish-1.jpg	alchetron.com
49	Pachliopta aristolochiae	image-search/common-rose-swallowtail-pachliopta-arist-1.jpg	gettyimages.co.uk
55	Aedes albopictus	image-search/asian-tiger-mosquito-aedes-albopictus-cl-1.jpg	ohioline.osu.edu
56	Nephila pilipes	image-search/giant-wood-spider-nephila-pilipes-1.jpg	reddit.com
57	Heterometrus spinifer	image-search/heterometrus-spinifer-giant-forest-scorp-1.jpg	theevolutionstore.com
77	Nycticebus bengalensis	image-search/bengal-slow-loris-nycticebus-bengalensis-1.jpg	palmoildetectives.com
89	Duttaphrynus melanostictus	image-search/duttaphrynus-melanostictus-common-asian--1.jpg	planetscott.com
92	Phyllobates terribilis	image-search/golden-poison-frog-phyllobates-terribili-1.jpg	magnoliabox.com
138	Hapalochlaena lunulata	image-search/blue-ringed-octopus-hapalochlaena-lunula-1.jpg	lembehresort.com
139	Acropora cervicornis	image-search/staghorn-coral-acropora-cervicornis-reef-1.jpg	snorkelstj.com
140	Heteractis magnifica	image-search/heteractis-magnifica-magnificent-sea-ane-1.jpg	wikipedia.org
1	Panthera tigris tigris	image-search/bengal-tiger-panthera-tigris-tigris-wild-1.jpg	britannica.com
141	Cyanea capillata	image-search/lion-s-mane-jellyfish-cyanea-capillata-1.jpg	inaturalist.org
142	Physalia physalis	image-search/portuguese-man-o-war-physalia-physalis-1.jpg	a-z-animals.com
143	Acanthaster planci	image-search/crown-of-thorns-starfish-acanthaster-pla-1.jpg	britannica.com
158	Mangifera indica	image-search/mango-tree-mangifera-indica-fruit-leaves-1.jpg	britannica.com
161	Adhatoda vasica	image-search/adhatoda-vasica-malabar-nut-plant-flower-1.jpg	elanthalir.com
162	Azadirachta indica	image-search/neem-tree-azadirachta-indica-leaves-1.jpg	feedipedia.org
164	Barringtonia acutangula	image-search/barringtonia-acutangula-hijol-tree-flowe-1.jpg	floraofbangladesh.com
165	Pongamia pinnata	image-search/pongamia-pinnata-karanja-tree-flowers-1.jpg	dreamstime.com
175	Ziziphus mauritiana	image-search/ziziphus-mauritiana-jujube-kul-fruit-tre-1.jpg	myseeds.co
177	Artocarpus heterophyllus	image-search/jackfruit-artocarpus-heterophyllus-tree--1.jpg	toptropicals.com
179	Bouea macrophylla	image-search/bouea-macrophylla-hog-plum-mango-fruit-1.webp	picclick.com
187	Euphorbia antiquorum	image-search/euphorbia-antiquorum-cactus-spurge-plant-1.jpg	dreamstime.com
188	Urtica dioica	image-search/stinging-nettle-urtica-dioica-plant-leav-1.jpg	britannica.com
190	Rosa × damascena	image-search/rosa-damascena-damask-rose-flower-1.jpg	gernot-katzers-spice-pages.com
193	Capsicum frutescens	image-search/capsicum-frutescens-bird-s-eye-chili-pla-1.jpg	dreamstime.com
194	Zingiber officinale	image-search/ginger-zingiber-officinale-rhizome-plant-1.jpg	amazon.com
199	Eucalyptus globulus	image-search/eucalyptus-globulus-blue-gum-tree-leaves-1.jpg	theseedvine.com.au
200	Anacardium occidentale	image-search/cashew-anacardium-occidentale-tree-nut-f-1.webp	ebay.com
201	Coffea arabica	image-search/coffea-arabica-coffee-plant-cherries-lea-1.jpg	planetdesert.com
202	Camellia sinensis	image-search/camellia-sinensis-tea-plant-leaves-1.jpg	toptropicals.com
205	Amanita phalloides	image-search/amanita-phalloides-death-cap-mushroom-1.jpg	britannica.com
211	Escherichia coli	image-search/escherichia-coli-bacteria-electron-micro-1.webp	microscopemaster.com
212	Vibrio cholerae	image-search/vibrio-cholerae-bacterium-micrograph-1.jpg	pixnio.com
213	Mycobacterium tuberculosis	image-search/mycobacterium-tuberculosis-bacteria-micr-1.jpg	gettyimages.in
214	Salmonella enterica	image-search/salmonella-enterica-bacteria-micrograph-1.jpg	britannica.com
219	Clostridium botulinum	image-search/clostridium-botulinum-bacteria-micrograp-1.jpg	pixnio.com
220	Lyssavirus rabies	image-search/rabies-virus-lyssavirus-virion-illustrat-1.jpg	gettyimages.com
221	Dengue virus	image-search/dengue-virus-virion-illustration-1.png	pixabay.com
222	Betacoronavirus pandemicum	image-search/sars-cov-2-coronavirus-virion-illustrati-1.png	wikipedia.org
223	Influenza A virus	image-search/influenza-a-virus-virion-diagram-1.jpg	microbenotes.com
224	HIV-1	image-search/hiv-human-immunodeficiency-virus-virion--1.jpg	dreamstime.com
225	Orthoebolavirus zairense	image-search/ebola-virus-virion-electron-micrograph-1.jpg	dvidshub.net
226	Morbillivirus hominis	image-search/measles-virus-morbillivirus-illustration-1.jpg	gettyimages.com
227	Plasmodium falciparum	image-search/plasmodium-falciparum-ring-stage-blood-s-2.jpg	pixnio.com
2	Elephas maximus	image-search/asian-elephant-elephas-maximus-wild-1.jpg	stock.adobe.com
3	Platanista gangetica	image-search/ganges-river-dolphin-platanista-gangetic-1.jpg	britannica.com
4	Semnopithecus entellus	image-search/hanuman-langur-semnopithecus-entellus-1.jpg	naturepl.com
5	Trachypithecus geei	image-search/golden-langur-trachypithecus-geei-1.jpg	reddit.com
6	Hoolock hoolock	image-search/western-hoolock-gibbon-hoolock-hoolock-1.png	csir.res.in
7	Ailurus fulgens	image-search/red-panda-ailurus-fulgens-1.jpg	pictureanimal.com
8	Ursus thibetanus	image-search/asiatic-black-bear-ursus-thibetanus-1.jpg	britannica.com
9	Python molurus	image-search/indian-rock-python-python-molurus-snake-1.jpg	istockphoto.com
14	Varanus bengalensis	image-search/bengal-monitor-lizard-varanus-bengalensi-1.jpg	wikimedia.org
15	Gavialis gangeticus	image-search/gharial-gavialis-gangeticus-crocodilian-1.jpg	wikimedia.org
16	Chelonia mydas	image-search/green-sea-turtle-chelonia-mydas-swimming-1.jpg	wikipedia.org
17	Lepidochelys olivacea	image-search/olive-ridley-turtle-lepidochelys-olivace-1.jpg	fishi-pedia.com
18	Psittacula krameri	image-search/rose-ringed-parakeet-psittacula-krameri--1.jpg	wildlifevagabond.com
19	Copsychus saularis	image-search/oriental-magpie-robin-copsychus-saularis-1.jpg	icbird.blogspot.com
20	Ardea alba	image-search/great-egret-ardea-alba-bird-1.jpg	wildlifevagabond.com
22	Grus grus	image-search/common-crane-grus-grus-bird-1.jpg	arturrydzewski.com
23	Alcedo atthis	image-search/common-kingfisher-alcedo-atthis-bird-1.jpg	karits.eu
24	Ketupa zeylonensis	image-search/brown-fish-owl-ketupa-zeylonensis-1.webp	cokesmithwildlife.com
21	Anastomus oscitans	image-search/asian-openbill-stork-anastomus-oscitans-1.jpg	flickr.com
25	Buceros bicornis	image-search/great-hornbill-buceros-bicornis-bird-1.jpg	indianbirds.thedynamicnature.com
26	Leptoptilos dubius	image-search/greater-adjutant-stork-leptoptilos-dubiu-1.jpg	naturepl.com
27	Gyps bengalensis	image-search/white-rumped-vulture-gyps-bengalensis-1.jpg	raymondloyalnature.com
28	Milvus migrans	image-search/black-kite-milvus-migrans-bird-flying-1.webp	earthlife.net
29	Gallus gallus	image-search/red-junglefowl-gallus-gallus-male-1.jpg	dreamstime.com
30	Pandion haliaetus	image-search/osprey-pandion-haliaetus-bird-of-prey-1.jpg	pixnio.com
31	Dendrocygna javanica	image-search/lesser-whistling-duck-dendrocygna-javani-1.jpg	birdweather.com
32	Anser indicus	image-search/bar-headed-goose-anser-indicus-1.jpg	istockphoto.com
33	Synoicus chinensis	image-search/blue-breasted-quail-synoicus-chinensis-1.webp	antiquesboutique.com
34	Coturnix coturnix	image-search/common-quail-coturnix-coturnix-bird-1.jpg	istockphoto.com
35	Hydrophasianus chirurgus	image-search/pheasant-tailed-jacana-hydrophasianus-ch-1.jpg	leesbird.com
36	Himantopus himantopus	image-search/black-winged-stilt-himantopus-himantopus-1.jpg	istockphoto.com
37	Tenualosa ilisha	image-search/hilsa-shad-tenualosa-ilisha-fish-1.jpg	bdfish.org
38	Labeo rohita	image-search/rohu-labeo-rohita-fish-1.jpg	depositphotos.com
39	Catla catla	image-search/catla-catla-catla-fish-1.jpg	dreamstime.com
40	Channa striata	image-search/northern-snakehead-channa-striata-fish-1.jpg	sportfishin.asia
41	Clarias batrachus	image-search/walking-catfish-clarias-batrachus-1.jpg	floridamuseum.ufl.edu
42	Anabas testudineus	image-search/climbing-perch-anabas-testudineus-fish-1.jpg	ebay.com
43	Pangasianodon hypophthalmus	image-search/pangasianodon-hypophthalmus-iridescent-s-1.jpg	a-z-animals.com
45	Parambassis ranga	image-search/indian-glassy-fish-parambassis-ranga-1.jpg	aquatropics.co.uk
46	Macrobrachium rosenbergii	image-search/giant-river-prawn-macrobrachium-rosenber-1.jpg	reddit.com
47	Penaeus monodon	image-search/black-tiger-shrimp-penaeus-monodon-1.jpg	123rf.com
48	Scylla serrata	image-search/mud-crab-scylla-serrata-1.jpg	istockphoto.com
50	Pieris canidia	image-search/pieris-canidia-cabbage-white-butterfly-1.jpg	alchetron.com
51	Papilio polytes	image-search/common-mormon-papilio-polytes-butterfly-1.jpg	nationalgeographic.com
52	Leptotes plinius	image-search/leptotes-plinius-zebra-blue-butterfly-1.jpg	ozanimals.com
53	Atyphella atra	image-search/atyphella-atra-firefly-beetle-1.jpg	maialaparklodge.com.au
54	Periplaneta americana	image-search/american-cockroach-periplaneta-americana-1.jpg	joelsartore.com
58	Coptotermes curvignathus	image-search/coptotermes-curvignathus-subterranean-te-1.jpg	scialert.net
59	Leptocorisa acuta	image-search/rice-stink-bug-leptocorisa-acuta-1.webp	ask.ifas.ufl.edu
60	Crocothemis servilia	image-search/crocothemis-servilia-crimson-tailed-skim-1.jpg	dreamstime.com
61	Locusta migratoria	image-search/migratory-locust-locusta-migratoria-1.jpg	feedipedia.org
62	Moschiola indica	image-search/indian-spotted-chevrotain-moschiola-indi-1.jpg	wikimedia.org
63	Vulpes bengalensis	image-search/bengal-fox-vulpes-bengalensis-1.jpg	shutterstock.com
64	Lepus nigricollis	image-search/black-naped-hare-lepus-nigricollis-1.webp	mammaldiversity.org
65	Urva auropunctata	image-search/small-indian-mongoose-urva-auropunctata--1.webp	wildlifenomads.com
66	Funambulus pennantii	image-search/northern-palm-squirrel-funambulus-pennan-1.webp	cokesmithwildlife.com
67	Lutrogale perspicillata	image-search/smooth-coated-otter-lutrogale-perspicill-1.jpg	interestinganimals.net
68	Manis pentadactyla	image-search/chinese-pangolin-manis-pentadactyla-1.jpg	fws.gov
69	Axis axis	image-search/chital-spotted-deer-axis-axis-1.webp	catenasafarisargentina.com
70	Rusa unicolor	image-search/sambar-deer-rusa-unicolor-1.jpg	thainationalparks.com
71	Sus scrofa	image-search/wild-boar-sus-scrofa-forest-1.jpg	a-z-animals.com
72	Viverricula indica	image-search/small-indian-civet-viverricula-indica-1.jpg	flickr.com
73	Paradoxurus hermaphroditus	image-search/asian-palm-civet-paradoxurus-hermaphrodi-1.jpg	a-z-animals.com
74	Hystrix brachyura	image-search/malayan-porcupine-hystrix-brachyura-1.jpg	naturepl.com
75	Semnopithecus dussumieri	image-search/southern-plains-langur-semnopithecus-dus-1.jpg	naturepl.com
76	Pteropus vampyrus	image-search/large-flying-fox-pteropus-vampyrus-bat-1.jpg	naturepl.fr
78	Hippopotamus amphibius	image-search/hippopotamus-hippopotamus-amphibius-rive-1.jpg	gettyimages.com
79	Giraffa camelopardalis	image-search/giraffe-giraffa-camelopardalis-savanna-1.jpg	dreamstime.com
80	Panthera leo	image-search/african-lion-panthera-leo-male-1.jpg	gettyimages.com
81	Panthera pardus	image-search/leopard-panthera-pardus-tree-1.jpg	gettyimages.com
82	Melursus ursinus	image-search/sloth-bear-melursus-ursinus-1.jpg	britannica.com
83	Rhinoceros unicornis	image-search/indian-rhinoceros-rhinoceros-unicornis-k-1.jpg	natureplprints.com
84	Panthera leo persica	image-search/asiatic-lion-panthera-leo-persica-gir-fo-1.jpg	flickr.com
85	Crocodylus porosus	image-search/saltwater-crocodile-crocodylus-porosus-1.webp	discoverwildlife.com
86	Nilssonia hurum	image-search/nilssonia-hurum-indian-peacock-softshell-1.jpg	turtle-island.org
87	Calotes versicolor	image-search/oriental-garden-lizard-calotes-versicolo-1.jpg	wildherps.com
88	Hemidactylus frenatus	image-search/common-house-gecko-hemidactylus-frenatus-1.jpg	wildherps.com
90	Polypedates maculatus	image-search/polypedates-maculatus-common-tree-frog-i-1.jpg	alchetron.com
91	Fejervarya cancrivora	image-search/fejervarya-cancrivora-crab-eating-frog-1.jpg	flickr.com
93	Rhacophorus malabaricus	image-search/rhacophorus-malabaricus-malabar-gliding--1.jpg	wikimedia.org
94	Raphus cucullatus	image-search/dodo-raphus-cucullatus-painting-oxford-m-1.png	peckperk.com
95	Dinornis novaeseelandiae	image-search/north-island-giant-moa-dinornis-novaesee-1.jpg	istockphoto.com
96	Pinguinus impennis	image-search/great-auk-pinguinus-impennis-illustratio-1.jpg	gettyimages.co.uk
97	Conuropsis carolinensis	image-search/carolina-parakeet-conuropsis-carolinensi-1.jpg	pixels.com
98	Ectopistes migratorius	image-search/passenger-pigeon-ectopistes-migratorius--1.jpg	gettyimages.co.uk
99	Thylacinus cynocephalus	image-search/thylacine-tasmanian-tiger-photo-1.jpg	aussieanimals.com
100	Mammuthus primigenius	image-search/woolly-mammoth-mammuthus-primigenius-ill-1.jpg	gettyimages.com
101	Aenocyon dirus	image-search/dire-wolf-aenocyon-dirus-illustration-1.jpg	ohiohistory.org
102	Smilodon fatalis	image-search/smilodon-fatalis-saber-toothed-cat-illus-1.png	nps.gov
103	Pezophaps solitaria	image-search/rodrigues-solitaire-pezophaps-solitaria--1.jpg	naturepl.com
104	Hydrodamalis gigas	image-search/steller-s-sea-cow-hydrodamalis-gigas-ill-1.jpg	album-online.com
105	Equus quagga quagga	image-search/quagga-equus-quagga-quagga-extinct-zebra-1.jpg	gettyimages.com
106	Tyrannosaurus rex	image-search/tyrannosaurus-rex-skeleton-museum-1.jpg	gettyimages.com
107	Triceratops horridus	image-search/triceratops-horridus-skeleton-museum-1.jpg	cnn.com
108	Velociraptor mongoliensis	image-search/velociraptor-mongoliensis-dinosaur-illus-1.jpg	thedinosaurs.org
109	Brachiosaurus altithorax	image-search/brachiosaurus-altithorax-dinosaur-illust-1.webp	dinolifepedia.com
110	Stegosaurus stenops	image-search/stegosaurus-stenops-skeleton-museum-1.png	wikipedia.org
111	Pterodactylus antiquus	image-search/pterodactylus-antiquus-pterosaur-illustr-1.jpg	gettyimages.in
112	Quetzalcoatlus northropi	image-search/quetzalcoatlus-northropi-pterosaur-illus-1.webp	dinolifepedia.com
113	Dimetrodon limbatus	image-search/dimetrodon-limbatus-illustration-1.jpg	gettyimages.com.au
114	Ichthyosaurus communis	image-search/ichthyosaurus-skeleton-fossil-lyme-regis-2.jpg	talesofabackpacker.com
115	Plesiosaurus dolichodeirus	image-search/plesiosaurus-dolichodeirus-illustration-1.jpg	fineartamerica.com
116	Mosasaurus hoffmannii	image-search/mosasaurus-hoffmannii-illustration-1.jpg	gettyimages.com
117	Helicoprion bessonowi	image-search/helicoprion-bessonowi-shark-illustration-1.jpg	gettyimages.co.uk
118	Mammut americanum	image-search/mastodon-mammut-americanum-skeleton-muse-2.jpg	wikimedia.org
119	Gigantopithecus blacki	image-search/gigantopithecus-blacki-giant-ape-illustr-1.jpg	gettyimages.com
120	Megaloceros giganteus	image-search/irish-elk-megaloceros-giganteus-illustra-1.jpg	nhm.ac.uk
121	Panthera tigris virgata	image-search/caspian-tiger-panthera-tigris-virgata-il-1.jpg	pinterest.com
122	Rhinoceros sondaicus	image-search/javan-rhinoceros-rhinoceros-sondaicus-1.jpg	a-z-animals.com
123	Phocoena sinus	image-search/vaquita-phocoena-sinus-porpoise-1.webp	smithsonianmag.com
124	Lipotes vexillifer	image-search/baiji-lipotes-vexillifer-yangtze-dolphin-1.jpg	naturepl.com
125	Cyanopsitta spixii	image-search/spix-s-macaw-cyanopsitta-spixii-blue-par-1.jpg	wikipedia.org
126	Strigops habroptilus	image-search/kakapo-strigops-habroptilus-parrot-1.jpg	peckperk.com
127	Apteryx mantelli	image-search/north-island-brown-kiwi-apteryx-mantelli-1.jpg	picturebirdai.com
128	Pygoscelis adeliae	image-search/adelie-penguin-pygoscelis-adeliae-antarc-1.jpg	wwf.org.uk
129	Aptenodytes forsteri	image-search/emperor-penguin-aptenodytes-forsteri-1.jpg	cbsnews.com
130	Balaenoptera musculus	image-search/blue-whale-balaenoptera-musculus-ocean-1.jpg	wwf.org.au
131	Physeter macrocephalus	image-search/sperm-whale-physeter-macrocephalus-breac-1.jpg	markcarwardine.com
132	Rhincodon typus	image-search/whale-shark-rhincodon-typus-swimming-1.jpg	istockphoto.com
133	Carcharodon carcharias	image-search/great-white-shark-carcharodon-carcharias-1.jpg	oceanlight.com
134	Manta birostris	image-search/manta-ray-manta-birostris-ocean-1.jpg	sharksandrays.com
135	Nautilus pompilius	image-search/chambered-nautilus-nautilus-pompilius-sh-1.jpg	a-z-animals.com
136	Architeuthis dux	image-search/giant-squid-architeuthis-dux-illustratio-1.jpg	gettyimages.co.uk
137	Octopus vulgaris	image-search/common-octopus-octopus-vulgaris-1.jpg	reefguide.org
144	Macrocystis pyrifera	image-search/giant-kelp-macrocystis-pyrifera-forest-1.jpg	fineartamerica.com
145	Zostera marina	image-search/eelgrass-zostera-marina-plant-1.jpg	wikimedia.org
146	Dugong dugon	image-search/dugong-dugong-dugon-sea-cow-underwater-1.jpg	istockphoto.com
147	Megaptera novaeangliae	image-search/humpback-whale-megaptera-novaeangliae-br-1.jpg	art.com
148	Crocodylus palustris	image-search/marsh-crocodile-crocodylus-palustris-mug-1.jpg	britannica.com
149	Batagur kachuga	image-search/indian-roofed-turtle-batagur-kachuga-1.jpg	britannica.com
150	Heritiera fomes	image-search/heritiera-fomes-sundari-mangrove-tree-su-1.jpg	oneearth.org
151	Ceriops decandra	image-search/ceriops-decandra-goran-mangrove-tree-1.jpg	growbilliontrees.com
152	Ficus benghalensis	image-search/banyan-tree-ficus-benghalensis-aerial-ro-1.jpg	myloview.com
153	Shorea robusta	image-search/sal-tree-shorea-robusta-forest-1.jpg	toptropicals.com
155	Nypa fruticans	image-search/nypa-fruticans-golpata-palm-mangrove-1.jpg	gettyimages.com
156	Pandanus odorifer	image-search/pandanus-odorifer-kewra-screw-pine-flowe-1.jpg	seedvendor.com
157	Phalaenopsis aphrodite	image-search/phalaenopsis-aphrodite-moon-orchid-flowe-1.jpg	etsy.com
159	Nymphaea nouchali	image-search/nymphaea-nouchali-water-lily-blue-flower-1.jpg	ferriseeds.com
160	Nelumbo nucifera	image-search/nelumbo-nucifera-sacred-lotus-flower-1.webp	ask.ifas.ufl.edu
163	Terminalia arjuna	image-search/terminalia-arjuna-arjuna-tree-bark-1.jpg	etsy.com
166	Lagerstroemia speciosa	image-search/lagerstroemia-speciosa-jarul-crape-myrtl-1.jpg	dreamstime.com
167	Butea monosperma	image-search/butea-monosperma-palash-flame-of-the-for-1.webp	gardenia.net
154	Avicennia alba	image-search/avicennia-alba-mangrove-species-leaves-p-1.jpg	academia.edu
168	Delonix regia	image-search/delonix-regia-krishnachura-flamboyant-gu-1.webp	meesho.com
169	Albizia saman	image-search/albizia-saman-rain-tree-flowers-1.webp	gardenia.net
170	Oryza sativa	image-search/rice-field-oryza-sativa-paddy-plants-1.jpg	epicgardening.com
171	Bambusa vulgaris	image-search/bambusa-vulgaris-bamboo-grove-1.jpg	alamy.com
172	Triticum aestivum	image-search/wheat-field-triticum-aestivum-ears-1.jpg	photo12.com
173	Saccharum officinarum	image-search/sugarcane-field-saccharum-officinarum-st-1.jpg	toptropicals.com
174	Spondias dulcis	image-search/spondias-dulcis-hog-plum-fruit-tree-1.png	sowexotic.com
176	Syzygium cumini	image-search/syzygium-cumini-black-plum-jamun-fruit-1.jpg	etsy.com
178	Psidium guajava	image-search/guava-psidium-guajava-fruit-tree-1.jpg	amazon.com
180	Hibiscus rosa-sinensis	image-search/hibiscus-rosa-sinensis-red-hibiscus-flow-1.jpg	toptropicals.com
181	Nyctanthes arbor-tristis	image-search/nyctanthes-arbor-tristis-night-flowering-1.jpg	ebay.com
182	Ocimum tenuiflorum	image-search/holy-basil-ocimum-tenuiflorum-tulsi-plan-1.jpg	magicgardenseeds.com
183	Aloe barbadensis	image-search/aloe-vera-aloe-barbadensis-plant-1.jpg	edsplantshop.com
184	Neolamarckia cadamba	image-search/neolamarckia-cadamba-kadam-tree-flowers-1.jpg	localguidesconnect.com
185	Cassia fistula	image-search/cassia-fistula-golden-shower-tree-flower-1.jpg	gardenworld.app
186	Ficus religiosa	image-search/ficus-religiosa-peepal-sacred-fig-leaves-1.jpg	ebay.com
189	Helianthus annuus	image-search/sunflower-helianthus-annuus-field-1.jpg	ahdb.org.uk
191	Ipomoea aquatica	image-search/water-spinach-ipomoea-aquatica-kalmi-sab-1.jpg	floraofqatar.com
192	Phaseolus vulgaris	image-search/common-bean-phaseolus-vulgaris-plant-pod-1.jpg	feedipedia.org
195	Curcuma longa	image-search/turmeric-curcuma-longa-rhizome-plant-lea-1.jpg	istockphoto.com
196	Musa × paradisiaca	image-search/banana-plant-musa-paradisiaca-bunch-1.jpg	pfaf.org
197	Cocos nucifera	image-search/coconut-palm-cocos-nucifera-tree-beach-1.jpg	naturepl.com
198	Phoenix dactylifera	image-search/date-palm-phoenix-dactylifera-tree-fruit-1.jpg	junglemusic.com
203	Vitex negundo	image-search/vitex-negundo-five-leaved-chaste-tree-pl-1.jpg	create.vista.com
204	Volvariella volvacea	image-search/volvariella-volvacea-paddy-straw-mushroo-1.jpg	amazon.com
206	Calvatia gigantea	image-search/calvatia-gigantea-giant-puffball-mushroo-1.jpg	dreamstime.com
207	Ganoderma lucidum	image-search/ganoderma-lucidum-reishi-mushroom-1.jpg	ebay.com
208	Ophiocordyceps sinensis	image-search/ophiocordyceps-sinensis-caterpillar-fung-1.jpg	alchetron.com
209	Penicillium chrysogenum	image-search/penicillium-chrysogenum-mold-colony-petr-1.jpg	gettyimages.com
210	Saccharomyces cerevisiae	image-search/saccharomyces-cerevisiae-baker-s-yeast-m-1.jpg	baike.baidu.com
215	Halobacterium salinarum	image-search/halobacterium-salinarum-halophilic-archa-1.jpg	ncbi.nlm.nih.gov
216	Sulfolobus acidocaldarius	image-search/sulfolobus-acidocaldarius-micrograph-arc-1.jpg	asm.org
217	Nostoc commune	image-search/nostoc-commune-blue-green-algae-colony-1.jpg	rainbowbrown.co.nz
218	Lactobacillus acidophilus	image-search/lactobacillus-acidophilus-rod-bacteria-e-2.jpg	wikipedia.org
228	Acridotheres tristis	image-search/common-myna-acridotheres-tristis-bird-1.jpg	a-z-animals.com
229	Passer domesticus	image-search/house-sparrow-passer-domesticus-bird-1.webp	wildenatur.com
230	Spilopelia chinensis	image-search/spotted-dove-spilopelia-chinensis-bird-1.jpg	wildlifevagabond.com
231	Columba livia	image-search/rock-pigeon-columba-livia-bird-1.jpg	wikipedia.org
232	Eudynamys scolopaceus	image-search/asian-koel-male-black-bird-eudynamys-sco-1.jpg	pixabay.com
233	Corvus splendens	image-search/house-crow-corvus-splendens-bird-1.jpg	wikipedia.org
234	Pavo cristatus	image-search/indian-peafowl-pavo-cristatus-peacock-1.jpg	britannica.com
235	Orthotomus sutorius	image-search/common-tailorbird-orthotomus-sutorius-bi-1.jpg	icbird.blogspot.com
236	Apis cerana	image-search/eastern-honey-bee-apis-cerana-hive-1.jpg	istockphoto.com
237	Vespa orientalis	image-search/oriental-hornet-vespa-orientalis-wasp-1.jpg	flickr.com
238	Oecophylla smaragdina	image-search/red-weaver-ant-oecophylla-smaragdina-nes-1.jpg	commons.wikimedia.org
239	Amblypharyngodon mola	image-search/mola-carplet-fish-amblypharyngodon-mola-1.jpg	bdfish.org
240	Labeo bata	image-search/labeo-bata-bata-labeo-fish-1.jpg	istockphoto.com
241	Ompok pabda	image-search/pabda-catfish-ompok-pabda-fish-1.jpg	dreamstime.com
242	Wallago attu	image-search/wallago-attu-boal-catfish-fish-1.jpg	mahigar.com
243	Channa marulius	image-search/channa-marulius-great-snakehead-fish-1.jpg	a-z-animals.com
244	Pethia conchonius	image-search/rosy-barb-pethia-conchonius-fish-1.jpg	fishi-pedia.com
245	Macaca mulatta	image-search/rhesus-macaque-macaca-mulatta-monkey-1.jpg	123rf.com
246	Bubalus arnee	image-search/wild-water-buffalo-bubalus-arnee-1.webp	naturerules1.fandom.com
247	Ailuropoda melanoleuca	image-search/giant-panda-ailuropoda-melanoleuca-1.jpg	wwf.ca
248	Ursus maritimus	image-search/polar-bear-ursus-maritimus-1.jpg	wildlifenorthamerica.com
249	Canis lupus	image-search/gray-wolf-canis-lupus-1.jpg	pixabay.com
250	Acinonyx jubatus	image-search/cheetah-acinonyx-jubatus-running-1.jpg	britannica.com
251	Orcinus orca	image-search/killer-whale-orcinus-orca-orca-1.jpg	windows10spotlight.com
252	Ornithorhynchus anatinus	image-search/platypus-ornithorhynchus-anatinus-1.jpg	amazon.com
253	Ophiophagus hannah	image-search/king-cobra-ophiophagus-hannah-snake-1.jpg	a-z-animals.com
254	Ptyas mucosa	image-search/oriental-rat-snake-ptyas-mucosa-dhaman-1.jpg	dreamstime.com
255	Varanus komodoensis	image-search/komodo-dragon-varanus-komodoensis-1.jpg	zooinstitutes.com
256	Perionyx excavatus	image-search/earthworm-perionyx-excavatus-soil-1.webp	impexifyglobal.com
257	Hirudo medicinalis	image-search/medicinal-leech-hirudo-medicinalis-1.jpg	gettyimages.com
258	Pomacea maculata	image-search/golden-apple-snail-pomacea-maculata-1.jpg	istockphoto.com
259	Aurelia aurita	image-search/moon-jellyfish-aurelia-aurita-1.jpg	gettyimages.com
260	Litchi chinensis	image-search/lychee-fruit-tree-litchi-chinensis-1.jpg	toptropicals.com
261	Tamarindus indica	image-search/tamarind-tree-fruit-tamarindus-indica-1.png	eureka-farms.com
262	Corchorus capsularis	image-search/jute-plant-field-corchorus-capsularis-ba-1.jpg	dreamstime.com
263	Phyllanthus emblica	image-search/indian-gooseberry-amla-phyllanthus-embli-1.jpg	amazon.com
264	Madhuca longifolia	image-search/mahua-tree-flowers-madhuca-longifolia-1.jpg	dreamstime.com
